-- phpMyAdmin SQL Dump
-- version 4.0.10.10
-- http://www.phpmyadmin.net
--
-- Хост: 127.0.0.1:3306
-- Время создания: Фев 09 2017 г., 19:45
-- Версия сервера: 5.5.45
-- Версия PHP: 5.6.12

SET SQL_MODE = "NO_AUTO_VALUE_ON_ZERO";
SET time_zone = "+00:00";


/*!40101 SET @OLD_CHARACTER_SET_CLIENT=@@CHARACTER_SET_CLIENT */;
/*!40101 SET @OLD_CHARACTER_SET_RESULTS=@@CHARACTER_SET_RESULTS */;
/*!40101 SET @OLD_COLLATION_CONNECTION=@@COLLATION_CONNECTION */;
/*!40101 SET NAMES utf8 */;

--
-- База данных: `test2`
--

-- --------------------------------------------------------

--
-- Структура таблицы `category`
--

CREATE TABLE IF NOT EXISTS `category` (
  `id` int(11) NOT NULL AUTO_INCREMENT,
  `title` text NOT NULL,
  `parent_id` int(11) NOT NULL,
  PRIMARY KEY (`id`)
) ENGINE=InnoDB  DEFAULT CHARSET=utf8 AUTO_INCREMENT=311 ;

--
-- Дамп данных таблицы `category`
--

INSERT INTO `category` (`id`, `title`, `parent_id`) VALUES
(1, 'Palestinian Territory', 0),
(2, 'Indonesia', 0),
(3, 'Chile', 0),
(4, 'Dominican Republic', 0),
(5, 'Poland', 0),
(6, 'Brazil', 0),
(7, 'China', 0),
(8, 'China', 0),
(9, 'Thailand', 0),
(10, 'Poland', 0),
(11, 'Louisiana', 2),
(12, 'District of Columbia', 1),
(13, 'Louisiana', 5),
(14, 'New York', 3),
(15, 'California', 2),
(16, 'California', 3),
(17, 'Washington', 10),
(18, 'Massachusetts', 10),
(19, 'Illinois', 9),
(20, 'District of Columbia', 1),
(21, 'Maryland', 5),
(22, 'Ohio', 2),
(23, 'Arkansas', 7),
(24, 'Minnesota', 3),
(25, 'Louisiana', 4),
(26, 'Florida', 1),
(27, 'Texas', 5),
(28, 'Connecticut', 2),
(29, 'California', 9),
(30, 'Michigan', 1),
(31, 'Oklahoma', 9),
(32, 'Maryland', 7),
(33, 'New Jersey', 3),
(34, 'California', 7),
(35, 'Nevada', 3),
(36, 'Texas', 1),
(37, 'Pennsylvania', 10),
(38, 'New York', 8),
(39, 'District of Columbia', 4),
(40, 'Texas', 7),
(41, 'California', 9),
(42, 'Nebraska', 2),
(43, 'New Mexico', 7),
(44, 'Florida', 10),
(45, 'North Carolina', 10),
(46, 'Nevada', 9),
(47, 'Alabama', 6),
(48, 'Texas', 5),
(49, 'Oklahoma', 4),
(50, 'Texas', 3),
(51, 'Pennsylvania', 3),
(52, 'California', 6),
(53, 'Arkansas', 4),
(54, 'New York', 9),
(55, 'Illinois', 10),
(56, 'California', 7),
(57, 'Kentucky', 2),
(58, 'Arizona', 10),
(59, 'Tennessee', 5),
(60, 'Nevada', 10),
(61, 'Colorado', 3),
(62, 'Oregon', 3),
(63, 'Alabama', 5),
(64, 'Virginia', 2),
(65, 'Texas', 9),
(66, 'California', 9),
(67, 'New York', 8),
(68, 'Florida', 7),
(69, 'West Virginia', 8),
(70, 'Louisiana', 5),
(71, 'Utah', 8),
(72, 'Arizona', 2),
(73, 'Kansas', 9),
(74, 'Florida', 3),
(75, 'Missouri', 3),
(76, 'Delaware', 1),
(77, 'California', 7),
(78, 'Louisiana', 8),
(79, 'New York', 9),
(80, 'Florida', 6),
(81, 'Florida', 1),
(82, 'Pennsylvania', 3),
(83, 'Virginia', 9),
(84, 'Kansas', 8),
(85, 'Wisconsin', 8),
(86, 'West Virginia', 6),
(87, 'Colorado', 8),
(88, 'Texas', 2),
(89, 'Montana', 7),
(90, 'Texas', 4),
(91, 'California', 2),
(92, 'North Carolina', 2),
(93, 'Oklahoma', 2),
(94, 'Colorado', 6),
(95, 'Texas', 2),
(96, 'Florida', 6),
(97, 'Nebraska', 10),
(98, 'Kentucky', 8),
(99, 'Texas', 7),
(100, 'California', 9),
(101, 'Florida', 9),
(102, 'New Jersey', 5),
(103, 'Texas', 4),
(104, 'Arizona', 2),
(105, 'Florida', 9),
(106, 'North Carolina', 2),
(107, 'Florida', 8),
(108, 'Oregon', 5),
(109, 'New Mexico', 4),
(110, 'Georgia', 9),
(111, 'Degan', 41),
(112, 'Göteborg', 15),
(113, 'Banjar Yehsatang', 88),
(114, 'Guangli', 79),
(115, 'Baltimore', 71),
(116, 'Kobuleti', 73),
(117, 'Cassilândia', 66),
(118, 'Zhaotong', 11),
(119, 'Dazaifu', 27),
(120, 'Loutrá', 54),
(121, 'Salamanca', 106),
(122, 'Ibabang Tayuman', 76),
(123, 'Ourovéni', 11),
(124, 'Rancakuya', 81),
(125, 'Xiping', 61),
(126, 'Rio Claro', 53),
(127, 'Liuhe', 86),
(128, 'Doushaguan', 18),
(129, 'Tumpang', 88),
(130, 'Arrepiado', 50),
(131, 'Kose', 43),
(132, 'Barubandung', 82),
(133, 'Yanghuxiang', 38),
(134, 'San Antonio', 16),
(135, 'Ngrayun', 100),
(136, 'Dengjia', 104),
(137, 'Ketawang', 34),
(138, 'Zarya', 72),
(139, 'Goiás', 83),
(140, 'Pleasant Point', 38),
(141, 'Dachang', 91),
(142, 'Cemara', 40),
(143, 'Caojia', 108),
(144, 'Yelabuga', 27),
(145, 'Paris 09', 18),
(146, 'Jiantang', 100),
(147, 'Richmond', 66),
(148, 'Águas Formosas', 19),
(149, 'Bāndarban', 61),
(150, 'Bilian', 62),
(151, 'Skoki', 79),
(152, 'Nerekhta', 35),
(153, 'Canturay', 96),
(154, 'Yiqi', 22),
(155, 'Seteluk Tengah', 11),
(156, 'San Bernardino', 39),
(157, 'Pailou', 29),
(158, 'Wąsosz', 25),
(159, 'Caherconlish', 88),
(160, 'Crespo', 26),
(161, 'Klirou', 100),
(162, 'Vanimo', 12),
(163, 'North Perth', 68),
(164, 'Krajan Dua Dawuan Wetan', 19),
(165, 'Ankaran', 85),
(166, 'Renyi', 103),
(167, 'Rongelap', 93),
(168, 'Chencai', 79),
(169, 'Xingnong', 96),
(170, 'Horodyshche', 40),
(171, 'Pasirhaur', 81),
(172, 'Ángeles', 68),
(173, 'Iligan City', 36),
(174, 'Los Santos', 86),
(175, 'Krasnoznamensk', 23),
(176, 'Wenping', 16),
(177, 'Xinxing', 15),
(178, 'Xianghuaqiao', 61),
(179, 'Itápolis', 45),
(180, 'Payxambabazar', 18),
(181, 'Pétionville', 109),
(182, 'Kutloanong', 80),
(183, 'Ariquemes', 20),
(184, 'Imeni Tsyurupy', 97),
(185, 'Antiguo Cuscatlán', 105),
(186, 'Agago', 72),
(187, 'Maqiu', 93),
(188, 'Balbalan', 44),
(189, 'San Mateo', 85),
(190, 'Kanoya', 63),
(191, 'Sendangwaru', 85),
(192, 'Sukonolo Krajan', 75),
(193, 'Dishnā', 42),
(194, 'Disina', 77),
(195, 'Wąsosz', 54),
(196, 'Naqadeh', 48),
(197, 'Tekstil’shchiki', 46),
(198, 'Wuyang', 69),
(199, 'Nong Bua', 29),
(200, 'Mikulovice', 73),
(201, 'Pŭrvomaytsi', 97),
(202, 'Piekielnik', 19),
(203, 'Núi Sập', 104),
(204, 'San Cristóbal Cucho', 50),
(205, 'Ayía Triás', 74),
(206, 'Schiltigheim', 91),
(207, 'Rîbniţa', 87),
(208, 'Lubichowo', 87),
(209, 'Limonade', 74),
(210, 'São Sebastião do Paraíso', 38),
(211, 'Dixon', 139),
(212, 'Packers', 177),
(213, 'Corscot', 177),
(214, 'Carey', 157),
(215, 'Gerald', 111),
(216, 'Schiller', 178),
(217, 'Chive', 141),
(218, '6th', 146),
(219, 'Acker', 145),
(220, 'Lakeland', 181),
(221, 'Loomis', 173),
(222, 'Eliot', 172),
(223, 'Esch', 191),
(224, 'Grasskamp', 144),
(225, 'Marcy', 155),
(226, 'Superior', 165),
(227, 'Jenifer', 204),
(228, 'Grim', 143),
(229, 'South', 200),
(230, 'Sheridan', 126),
(231, 'Schmedeman', 187),
(232, 'Mariners Cove', 130),
(233, 'Corben', 173),
(234, '4th', 151),
(235, 'Stephen', 126),
(236, 'Bonner', 165),
(237, 'Pennsylvania', 128),
(238, 'Sachtjen', 142),
(239, 'Linden', 160),
(240, 'Macpherson', 178),
(241, 'Merchant', 157),
(242, 'Bluejay', 177),
(243, 'Hallows', 128),
(244, 'Eggendart', 127),
(245, '6th', 183),
(246, 'Esch', 207),
(247, 'Carey', 158),
(248, 'Fremont', 185),
(249, 'Maple Wood', 147),
(250, 'Talmadge', 148),
(251, 'Rowland', 210),
(252, 'Sundown', 172),
(253, 'Holy Cross', 130),
(254, 'Warner', 158),
(255, 'Butterfield', 156),
(256, 'Harbort', 174),
(257, 'Rigney', 161),
(258, 'Dennis', 145),
(259, 'Ruskin', 112),
(260, 'Center', 135),
(261, 'Continental', 180),
(262, 'Fair Oaks', 144),
(263, 'Kennedy', 144),
(264, 'Schlimgen', 118),
(265, 'Mendota', 142),
(266, 'Prentice', 171),
(267, 'Swallow', 179),
(268, 'Darwin', 194),
(269, 'Texas', 180),
(270, 'Debs', 110),
(271, 'Springs', 168),
(272, 'Pleasure', 141),
(273, 'Arizona', 139),
(274, '7th', 119),
(275, 'Becker', 132),
(276, 'Straubel', 170),
(277, 'Dakota', 191),
(278, 'Monument', 157),
(279, 'Mesta', 188),
(280, 'Londonderry', 119),
(281, 'Fieldstone', 143),
(282, 'Trailsway', 132),
(283, 'Monterey', 146),
(284, 'Packers', 148),
(285, 'Londonderry', 114),
(286, 'Riverside', 178),
(287, 'Sunfield', 161),
(288, 'Menomonie', 162),
(289, 'Arrowood', 184),
(290, 'Welch', 196),
(291, 'Shelley', 180),
(292, 'Roth', 170),
(293, 'Gerald', 131),
(294, 'Mosinee', 172),
(295, 'Lunder', 177),
(296, 'Westport', 156),
(297, 'Nancy', 194),
(298, 'Eagle Crest', 117),
(299, 'Bowman', 201),
(300, 'Sherman', 122),
(301, 'Mallory', 164),
(302, 'Carioca', 204),
(303, 'Washington', 122),
(304, 'Namekagon', 138),
(305, 'Havey', 126),
(306, 'Sherman', 141),
(307, 'Westend', 177),
(308, 'Schurz', 209),
(309, 'Roth', 171),
(310, 'Bartillon', 121);

-- --------------------------------------------------------

--
-- Структура таблицы `product`
--

CREATE TABLE IF NOT EXISTS `product` (
  `id` int(11) NOT NULL AUTO_INCREMENT,
  `title` text NOT NULL,
  `price` decimal(7,2) NOT NULL,
  PRIMARY KEY (`id`)
) ENGINE=InnoDB  DEFAULT CHARSET=utf8 AUTO_INCREMENT=1101 ;

--
-- Дамп данных таблицы `product`
--

INSERT INTO `product` (`id`, `title`, `price`) VALUES
(1, 'Trippledex', '1.54'),
(2, 'Quo Lux', '6.57'),
(3, 'Bigtax', '4.12'),
(4, 'Matsoft', '9.40'),
(5, 'Aerified', '8.98'),
(6, 'Sonsing', '2.09'),
(7, 'Daltfresh', '9.02'),
(8, 'Domainer', '0.16'),
(9, 'Alpha', '1.17'),
(10, 'Tres-Zap', '3.07'),
(11, 'Ventosanzap', '4.88'),
(12, 'Cookley', '8.86'),
(13, 'Tempsoft', '0.75'),
(14, 'Konklab', '1.85'),
(15, 'Job', '8.81'),
(16, 'Zaam-Dox', '8.82'),
(17, 'Flexidy', '7.50'),
(18, 'Aerified', '0.19'),
(19, 'Greenlam', '6.10'),
(20, 'Zoolab', '2.26'),
(21, 'Cardguard', '4.25'),
(22, 'Stim', '5.38'),
(23, 'Namfix', '9.17'),
(24, 'It', '6.80'),
(25, 'Alphazap', '8.15'),
(26, 'Stringtough', '9.30'),
(27, 'Zamit', '1.92'),
(28, 'Lotlux', '3.29'),
(29, 'Zamit', '6.94'),
(30, 'It', '6.93'),
(31, 'Biodex', '1.29'),
(32, 'Kanlam', '6.66'),
(33, 'Fix San', '6.97'),
(34, 'Cardguard', '9.26'),
(35, 'Temp', '5.08'),
(36, 'Konklux', '8.64'),
(37, 'Wrapsafe', '3.96'),
(38, 'Zontrax', '0.07'),
(39, 'Lotstring', '5.29'),
(40, 'Flexidy', '5.88'),
(41, 'Flowdesk', '4.59'),
(42, 'Y-find', '7.53'),
(43, 'Konklab', '5.35'),
(44, 'Job', '6.04'),
(45, 'Zaam-Dox', '5.52'),
(46, 'Rank', '4.03'),
(47, 'Wrapsafe', '5.19'),
(48, 'Pannier', '9.93'),
(49, 'Kanlam', '1.12'),
(50, 'Redhold', '7.52'),
(51, 'Overhold', '0.67'),
(52, 'Lotstring', '4.12'),
(53, 'Rank', '6.95'),
(54, 'Hatity', '7.02'),
(55, 'Mat Lam Tam', '6.66'),
(56, 'Cookley', '9.76'),
(57, 'Zathin', '7.32'),
(58, 'Cardify', '3.04'),
(59, 'Fix San', '5.83'),
(60, 'Veribet', '9.07'),
(61, 'Alpha', '5.82'),
(62, 'Tempsoft', '6.66'),
(63, 'Voyatouch', '3.82'),
(64, 'Zaam-Dox', '8.38'),
(65, 'Holdlamis', '4.54'),
(66, 'Voltsillam', '8.41'),
(67, 'Ventosanzap', '8.65'),
(68, 'Stronghold', '1.63'),
(69, 'Vagram', '1.65'),
(70, 'Tresom', '9.57'),
(71, 'Cookley', '7.03'),
(72, 'Treeflex', '7.25'),
(73, 'Gembucket', '2.08'),
(74, 'Ventosanzap', '8.95'),
(75, 'Alpha', '4.35'),
(76, 'Sub-Ex', '9.48'),
(77, 'Home Ing', '3.68'),
(78, 'Vagram', '6.93'),
(79, 'Stronghold', '5.74'),
(80, 'Job', '6.43'),
(81, 'Biodex', '1.10'),
(82, 'Kanlam', '8.43'),
(83, 'Viva', '5.21'),
(84, 'Y-Solowarm', '6.78'),
(85, 'Sub-Ex', '9.67'),
(86, 'Kanlam', '5.82'),
(87, 'Rank', '2.67'),
(88, 'Fixflex', '2.94'),
(89, 'Toughjoyfax', '3.69'),
(90, 'Lotstring', '1.26'),
(91, 'Tempsoft', '8.85'),
(92, 'Prodder', '6.68'),
(93, 'Alpha', '1.51'),
(94, 'Regrant', '6.67'),
(95, 'Zamit', '2.69'),
(96, 'Tresom', '6.91'),
(97, 'Zathin', '1.39'),
(98, 'Solarbreeze', '8.33'),
(99, 'Cardify', '4.50'),
(100, 'Daltfresh', '3.38'),
(101, 'Vagram', '0.53'),
(102, 'Fix San', '8.37'),
(103, 'Overhold', '6.73'),
(104, 'Span', '4.99'),
(105, 'Tampflex', '4.24'),
(106, 'Cookley', '0.25'),
(107, 'Bitwolf', '3.65'),
(108, 'Viva', '7.06'),
(109, 'Konklux', '0.45'),
(110, 'Zaam-Dox', '6.71'),
(111, 'Konklux', '9.13'),
(112, 'Rank', '4.34'),
(113, 'Duobam', '4.23'),
(114, 'Tres-Zap', '5.42'),
(115, 'Stringtough', '5.22'),
(116, 'Zontrax', '6.30'),
(117, 'Span', '4.75'),
(118, 'Regrant', '8.20'),
(119, 'It', '2.73'),
(120, 'Stringtough', '4.13'),
(121, 'Voyatouch', '8.16'),
(122, 'Hatity', '4.51'),
(123, 'Tempsoft', '1.66'),
(124, 'Zathin', '9.68'),
(125, 'Andalax', '0.98'),
(126, 'Tin', '5.03'),
(127, 'Hatity', '7.87'),
(128, 'Voltsillam', '1.78'),
(129, 'Stronghold', '6.01'),
(130, 'Zamit', '7.73'),
(131, 'Rank', '8.86'),
(132, 'It', '7.92'),
(133, 'Lotlux', '8.62'),
(134, 'Aerified', '7.64'),
(135, 'Y-find', '4.67'),
(136, 'Quo Lux', '5.42'),
(137, 'Holdlamis', '3.83'),
(138, 'Hatity', '1.36'),
(139, 'Asoka', '9.16'),
(140, 'Matsoft', '2.45'),
(141, 'Sonsing', '9.42'),
(142, 'Gembucket', '3.07'),
(143, 'Hatity', '3.58'),
(144, 'Voltsillam', '3.41'),
(145, 'Ronstring', '4.80'),
(146, 'Flexidy', '4.79'),
(147, 'Span', '3.78'),
(148, 'Bitchip', '2.46'),
(149, 'Cardguard', '2.00'),
(150, 'Lotlux', '0.53'),
(151, 'Otcom', '0.98'),
(152, 'Viva', '3.42'),
(153, 'Veribet', '9.76'),
(154, 'Sonsing', '6.03'),
(155, 'Ronstring', '0.37'),
(156, 'Treeflex', '6.54'),
(157, 'Cardguard', '6.75'),
(158, 'Matsoft', '7.42'),
(159, 'Tampflex', '3.85'),
(160, 'Treeflex', '0.32'),
(161, 'Domainer', '0.72'),
(162, 'Flowdesk', '3.77'),
(163, 'Namfix', '8.67'),
(164, 'Y-Solowarm', '8.53'),
(165, 'Hatity', '6.99'),
(166, 'Cardguard', '5.17'),
(167, 'Alphazap', '5.58'),
(168, 'Andalax', '0.85'),
(169, 'Bamity', '9.40'),
(170, 'Zathin', '8.42'),
(171, 'Cardify', '9.75'),
(172, 'Daltfresh', '8.17'),
(173, 'Cookley', '8.04'),
(174, 'Y-find', '0.65'),
(175, 'Temp', '9.75'),
(176, 'Lotstring', '4.18'),
(177, 'Flexidy', '6.75'),
(178, 'Tin', '3.95'),
(179, 'Ventosanzap', '8.15'),
(180, 'Regrant', '7.52'),
(181, 'Keylex', '3.12'),
(182, 'Voyatouch', '6.87'),
(183, 'Hatity', '4.64'),
(184, 'Ronstring', '6.30'),
(185, 'Job', '8.66'),
(186, 'Latlux', '0.09'),
(187, 'Zathin', '5.83'),
(188, 'Zaam-Dox', '8.44'),
(189, 'Toughjoyfax', '0.22'),
(190, 'Bytecard', '2.80'),
(191, 'Tin', '7.14'),
(192, 'Tres-Zap', '8.03'),
(193, 'Y-Solowarm', '7.03'),
(194, 'Stronghold', '1.10'),
(195, 'Fixflex', '4.35'),
(196, 'Bytecard', '7.13'),
(197, 'Namfix', '0.02'),
(198, 'Greenlam', '5.08'),
(199, 'Sonair', '1.04'),
(200, 'Overhold', '7.37'),
(201, 'Vagram', '3.98'),
(202, 'Bitchip', '8.57'),
(203, 'Flowdesk', '3.28'),
(204, 'Fixflex', '5.60'),
(205, 'Regrant', '6.56'),
(206, 'Andalax', '2.16'),
(207, 'Stim', '2.09'),
(208, 'Flowdesk', '2.04'),
(209, 'Regrant', '8.72'),
(210, 'Toughjoyfax', '1.35'),
(211, 'Holdlamis', '4.70'),
(212, 'Fintone', '2.25'),
(213, 'It', '1.64'),
(214, 'Ronstring', '9.69'),
(215, 'Trippledex', '3.55'),
(216, 'Namfix', '7.22'),
(217, 'Kanlam', '0.76'),
(218, 'Treeflex', '1.04'),
(219, 'Bitwolf', '6.09'),
(220, 'Latlux', '8.78'),
(221, 'Temp', '1.85'),
(222, 'Lotlux', '4.47'),
(223, 'Zontrax', '3.30'),
(224, 'Zathin', '9.17'),
(225, 'Sub-Ex', '1.45'),
(226, 'Namfix', '7.73'),
(227, 'Greenlam', '0.75'),
(228, 'Gembucket', '0.30'),
(229, 'Bigtax', '9.99'),
(230, 'Cookley', '0.32'),
(231, 'Trippledex', '5.70'),
(232, 'Stim', '7.37'),
(233, 'Viva', '4.01'),
(234, 'Cardify', '3.21'),
(235, 'Viva', '7.95'),
(236, 'Hatity', '9.90'),
(237, 'Zaam-Dox', '8.31'),
(238, 'Sonair', '8.57'),
(239, 'Span', '5.75'),
(240, 'Span', '5.62'),
(241, 'Biodex', '2.12'),
(242, 'Veribet', '8.68'),
(243, 'Gembucket', '9.87'),
(244, 'Konklab', '1.61'),
(245, 'Trippledex', '3.33'),
(246, 'Mat Lam Tam', '6.42'),
(247, 'Regrant', '2.00'),
(248, 'Sonsing', '0.26'),
(249, 'Bamity', '3.20'),
(250, 'Treeflex', '7.42'),
(251, 'Daltfresh', '8.90'),
(252, 'Alphazap', '6.51'),
(253, 'Namfix', '3.23'),
(254, 'Duobam', '6.75'),
(255, 'Home Ing', '1.83'),
(256, 'Voltsillam', '0.30'),
(257, 'Prodder', '7.94'),
(258, 'Flowdesk', '7.09'),
(259, 'Cardify', '3.69'),
(260, 'Sonsing', '7.71'),
(261, 'Latlux', '2.73'),
(262, 'Tresom', '5.92'),
(263, 'Lotstring', '4.01'),
(264, 'Cardify', '2.92'),
(265, 'Zoolab', '0.63'),
(266, 'Namfix', '6.01'),
(267, 'Konklux', '1.13'),
(268, 'Quo Lux', '1.20'),
(269, 'Otcom', '4.82'),
(270, 'Andalax', '0.84'),
(271, 'Regrant', '4.28'),
(272, 'Home Ing', '7.36'),
(273, 'Home Ing', '8.78'),
(274, 'Home Ing', '0.89'),
(275, 'Fintone', '7.79'),
(276, 'Flexidy', '0.82'),
(277, 'Voyatouch', '8.50'),
(278, 'Tempsoft', '6.57'),
(279, 'Viva', '5.54'),
(280, 'Zathin', '8.34'),
(281, 'Zontrax', '2.10'),
(282, 'Voyatouch', '1.66'),
(283, 'Wrapsafe', '9.55'),
(284, 'Tampflex', '5.05'),
(285, 'Fintone', '5.19'),
(286, 'Job', '8.02'),
(287, 'It', '1.58'),
(288, 'Pannier', '2.30'),
(289, 'Treeflex', '6.28'),
(290, 'Stringtough', '3.45'),
(291, 'Greenlam', '4.27'),
(292, 'Bamity', '7.54'),
(293, 'Zathin', '1.17'),
(294, 'Quo Lux', '4.51'),
(295, 'Transcof', '8.97'),
(296, 'Subin', '3.82'),
(297, 'Opela', '9.05'),
(298, 'It', '6.12'),
(299, 'Flexidy', '5.28'),
(300, 'Temp', '0.80'),
(301, 'Ventosanzap', '6.06'),
(302, 'Alphazap', '3.45'),
(303, 'Fix San', '5.32'),
(304, 'Ronstring', '9.45'),
(305, 'Lotlux', '3.17'),
(306, 'Bamity', '5.53'),
(307, 'Kanlam', '4.45'),
(308, 'Sonsing', '6.66'),
(309, 'Home Ing', '1.76'),
(310, 'Tresom', '9.64'),
(311, 'Regrant', '7.74'),
(312, 'Stim', '9.71'),
(313, 'Y-Solowarm', '8.52'),
(314, 'Rank', '6.82'),
(315, 'Ronstring', '4.96'),
(316, 'Keylex', '0.77'),
(317, 'Alphazap', '0.84'),
(318, 'Alphazap', '5.81'),
(319, 'Greenlam', '4.35'),
(320, 'Bitwolf', '4.25'),
(321, 'Span', '5.21'),
(322, 'Alpha', '1.48'),
(323, 'Voyatouch', '7.12'),
(324, 'Home Ing', '4.84'),
(325, 'Fix San', '9.38'),
(326, 'Tampflex', '6.66'),
(327, 'Keylex', '7.92'),
(328, 'Sub-Ex', '7.95'),
(329, 'Kanlam', '6.75'),
(330, 'Home Ing', '6.03'),
(331, 'Fintone', '3.60'),
(332, 'Wrapsafe', '4.24'),
(333, 'Quo Lux', '4.10'),
(334, 'Hatity', '4.14'),
(335, 'Flexidy', '2.87'),
(336, 'Stronghold', '6.61'),
(337, 'Tres-Zap', '3.78'),
(338, 'Sonair', '7.50'),
(339, 'Regrant', '0.92'),
(340, 'Y-find', '6.50'),
(341, 'Stronghold', '4.52'),
(342, 'Flexidy', '1.68'),
(343, 'Transcof', '7.17'),
(344, 'Span', '7.81'),
(345, 'Mat Lam Tam', '3.64'),
(346, 'Y-find', '3.34'),
(347, 'Sonair', '9.14'),
(348, 'Y-find', '0.77'),
(349, 'Andalax', '5.71'),
(350, 'Mat Lam Tam', '9.69'),
(351, 'Sonsing', '4.82'),
(352, 'Fintone', '1.17'),
(353, 'Bitwolf', '4.12'),
(354, 'Pannier', '6.48'),
(355, 'Cardguard', '8.53'),
(356, 'Vagram', '1.34'),
(357, 'Duobam', '3.69'),
(358, 'Tempsoft', '2.15'),
(359, 'Lotstring', '4.53'),
(360, 'Flowdesk', '5.61'),
(361, 'Vagram', '7.17'),
(362, 'Tempsoft', '8.50'),
(363, 'Fintone', '4.71'),
(364, 'Lotlux', '8.44'),
(365, 'Lotstring', '1.18'),
(366, 'Sub-Ex', '9.40'),
(367, 'Biodex', '7.80'),
(368, 'Treeflex', '0.31'),
(369, 'Subin', '7.22'),
(370, 'Tempsoft', '6.83'),
(371, 'Bigtax', '5.51'),
(372, 'Stim', '6.75'),
(373, 'Gembucket', '4.73'),
(374, 'Voltsillam', '3.70'),
(375, 'Zoolab', '4.67'),
(376, 'Vagram', '2.50'),
(377, 'Rank', '0.27'),
(378, 'Ventosanzap', '0.89'),
(379, 'Rank', '9.70'),
(380, 'Duobam', '5.86'),
(381, 'Zontrax', '0.97'),
(382, 'Bitwolf', '8.66'),
(383, 'Opela', '3.39'),
(384, 'Tampflex', '9.02'),
(385, 'Sonsing', '3.99'),
(386, 'Konklux', '0.31'),
(387, 'Overhold', '9.58'),
(388, 'Holdlamis', '8.16'),
(389, 'Tampflex', '1.42'),
(390, 'Hatity', '6.99'),
(391, 'Solarbreeze', '6.42'),
(392, 'Trippledex', '1.19'),
(393, 'Stringtough', '9.78'),
(394, 'Pannier', '0.19'),
(395, 'Matsoft', '2.55'),
(396, 'Subin', '3.03'),
(397, 'Zathin', '5.16'),
(398, 'Solarbreeze', '7.72'),
(399, 'Transcof', '4.01'),
(400, 'Cardguard', '5.80'),
(401, 'Latlux', '1.34'),
(402, 'Flowdesk', '8.68'),
(403, 'Overhold', '9.63'),
(404, 'It', '9.48'),
(405, 'Bigtax', '3.84'),
(406, 'Holdlamis', '4.65'),
(407, 'Pannier', '8.12'),
(408, 'Home Ing', '0.26'),
(409, 'It', '5.90'),
(410, 'Namfix', '0.83'),
(411, 'Greenlam', '6.66'),
(412, 'Matsoft', '2.82'),
(413, 'Bitchip', '0.77'),
(414, 'Bigtax', '8.07'),
(415, 'Zoolab', '7.96'),
(416, 'Lotstring', '2.03'),
(417, 'Veribet', '9.55'),
(418, 'Solarbreeze', '2.24'),
(419, 'Lotstring', '2.18'),
(420, 'Viva', '3.59'),
(421, 'Tres-Zap', '2.99'),
(422, 'Flowdesk', '2.15'),
(423, 'Konklab', '6.23'),
(424, 'Matsoft', '9.90'),
(425, 'Gembucket', '2.01'),
(426, 'Lotlux', '9.99'),
(427, 'Konklab', '6.71'),
(428, 'Hatity', '4.70'),
(429, 'Pannier', '9.89'),
(430, 'Rank', '6.82'),
(431, 'Bamity', '4.23'),
(432, 'Toughjoyfax', '4.59'),
(433, 'Andalax', '2.92'),
(434, 'Tresom', '2.85'),
(435, 'Fintone', '6.03'),
(436, 'Tempsoft', '8.94'),
(437, 'Voltsillam', '8.45'),
(438, 'Domainer', '0.46'),
(439, 'Stim', '1.94'),
(440, 'Biodex', '9.26'),
(441, 'Rank', '9.29'),
(442, 'Greenlam', '3.00'),
(443, 'Alpha', '4.84'),
(444, 'Trippledex', '8.90'),
(445, 'Alphazap', '6.25'),
(446, 'Duobam', '4.07'),
(447, 'Namfix', '6.96'),
(448, 'Fix San', '4.89'),
(449, 'Tresom', '4.90'),
(450, 'Trippledex', '6.15'),
(451, 'Stim', '1.06'),
(452, 'Job', '2.62'),
(453, 'Bigtax', '6.24'),
(454, 'Stringtough', '7.64'),
(455, 'Bamity', '5.56'),
(456, 'Tres-Zap', '2.74'),
(457, 'Voyatouch', '6.58'),
(458, 'Vagram', '9.76'),
(459, 'Sub-Ex', '3.38'),
(460, 'Solarbreeze', '0.25'),
(461, 'Treeflex', '6.52'),
(462, 'Matsoft', '7.24'),
(463, 'Mat Lam Tam', '2.98'),
(464, 'Otcom', '3.92'),
(465, 'Transcof', '5.66'),
(466, 'Bitwolf', '6.19'),
(467, 'Fixflex', '2.44'),
(468, 'Ronstring', '7.58'),
(469, 'Vagram', '8.97'),
(470, 'Lotlux', '6.82'),
(471, 'Tres-Zap', '0.41'),
(472, 'Gembucket', '2.62'),
(473, 'Home Ing', '9.35'),
(474, 'Flexidy', '3.21'),
(475, 'Sonsing', '6.31'),
(476, 'Zoolab', '9.93'),
(477, 'Cardguard', '7.83'),
(478, 'Matsoft', '1.64'),
(479, 'It', '1.65'),
(480, 'Daltfresh', '9.86'),
(481, 'Cardguard', '9.09'),
(482, 'Stronghold', '4.45'),
(483, 'It', '0.89'),
(484, 'Redhold', '7.64'),
(485, 'Hatity', '8.11'),
(486, 'Fixflex', '2.87'),
(487, 'Zoolab', '9.32'),
(488, 'Asoka', '7.57'),
(489, 'Sonsing', '9.91'),
(490, 'Kanlam', '6.59'),
(491, 'Tres-Zap', '1.19'),
(492, 'Vagram', '7.54'),
(493, 'Latlux', '3.97'),
(494, 'Duobam', '4.08'),
(495, 'Rank', '2.87'),
(496, 'Sub-Ex', '7.05'),
(497, 'Y-find', '1.10'),
(498, 'Tempsoft', '7.37'),
(499, 'Temp', '6.60'),
(500, 'Fixflex', '0.76'),
(501, 'Redhold', '0.80'),
(502, 'Stronghold', '2.40'),
(503, 'Cardguard', '9.95'),
(504, 'Biodex', '0.75'),
(505, 'Pannier', '9.43'),
(506, 'Cookley', '6.01'),
(507, 'Keylex', '4.81'),
(508, 'Domainer', '8.43'),
(509, 'Mat Lam Tam', '1.46'),
(510, 'Wrapsafe', '6.09'),
(511, 'Cardguard', '5.90'),
(512, 'Daltfresh', '8.20'),
(513, 'Keylex', '5.27'),
(514, 'Veribet', '4.08'),
(515, 'Duobam', '3.88'),
(516, 'Stronghold', '8.71'),
(517, 'Bitchip', '1.83'),
(518, 'Trippledex', '6.59'),
(519, 'Domainer', '8.19'),
(520, 'Home Ing', '0.99'),
(521, 'Cardify', '9.14'),
(522, 'Zathin', '7.53'),
(523, 'Duobam', '1.81'),
(524, 'Alpha', '3.51'),
(525, 'Stronghold', '5.11'),
(526, 'Stringtough', '3.43'),
(527, 'Bamity', '8.47'),
(528, 'Hatity', '6.95'),
(529, 'Tampflex', '6.05'),
(530, 'Stronghold', '0.60'),
(531, 'Domainer', '7.28'),
(532, 'Zamit', '0.15'),
(533, 'Voltsillam', '1.26'),
(534, 'Keylex', '0.29'),
(535, 'Zontrax', '2.96'),
(536, 'Fixflex', '4.65'),
(537, 'Voyatouch', '3.42'),
(538, 'Kanlam', '1.17'),
(539, 'Viva', '5.19'),
(540, 'Pannier', '0.79'),
(541, 'Bitwolf', '7.91'),
(542, 'Zontrax', '8.58'),
(543, 'Voltsillam', '7.52'),
(544, 'Span', '1.12'),
(545, 'Fix San', '2.55'),
(546, 'Flowdesk', '9.52'),
(547, 'Regrant', '6.98'),
(548, 'Wrapsafe', '6.45'),
(549, 'Zathin', '1.15'),
(550, 'Y-find', '0.93'),
(551, 'Gembucket', '0.58'),
(552, 'Temp', '3.36'),
(553, 'Bitchip', '6.37'),
(554, 'Y-find', '1.94'),
(555, 'Holdlamis', '1.46'),
(556, 'Otcom', '9.29'),
(557, 'Daltfresh', '6.84'),
(558, 'Lotstring', '2.95'),
(559, 'Bigtax', '3.00'),
(560, 'Zamit', '4.14'),
(561, 'Overhold', '5.83'),
(562, 'Zoolab', '6.37'),
(563, 'Y-Solowarm', '6.04'),
(564, 'Tresom', '8.78'),
(565, 'Domainer', '7.61'),
(566, 'Treeflex', '0.56'),
(567, 'Ventosanzap', '5.92'),
(568, 'Cardguard', '8.10'),
(569, 'Zontrax', '4.83'),
(570, 'Rank', '3.57'),
(571, 'Keylex', '1.57'),
(572, 'Flexidy', '4.39'),
(573, 'Tres-Zap', '8.56'),
(574, 'Opela', '7.16'),
(575, 'Greenlam', '9.23'),
(576, 'Toughjoyfax', '0.53'),
(577, 'Ronstring', '7.50'),
(578, 'Job', '4.22'),
(579, 'Veribet', '3.74'),
(580, 'Prodder', '9.78'),
(581, 'Quo Lux', '0.46'),
(582, 'Zamit', '9.60'),
(583, 'It', '3.99'),
(584, 'Gembucket', '2.72'),
(585, 'Bamity', '8.85'),
(586, 'Prodder', '5.55'),
(587, 'Transcof', '5.46'),
(588, 'Stronghold', '7.49'),
(589, 'Stim', '6.29'),
(590, 'Domainer', '7.69'),
(591, 'Daltfresh', '4.56'),
(592, 'Tin', '5.27'),
(593, 'Zontrax', '9.87'),
(594, 'Tresom', '7.29'),
(595, 'Fintone', '8.98'),
(596, 'Regrant', '4.29'),
(597, 'Konklab', '6.20'),
(598, 'Otcom', '5.98'),
(599, 'Tempsoft', '8.39'),
(600, 'Fix San', '2.38'),
(601, 'Tempsoft', '0.57'),
(602, 'Otcom', '8.37'),
(603, 'Namfix', '1.68'),
(604, 'Stronghold', '7.14'),
(605, 'Zaam-Dox', '8.35'),
(606, 'Opela', '4.55'),
(607, 'Kanlam', '6.45'),
(608, 'Prodder', '0.67'),
(609, 'Prodder', '5.60'),
(610, 'Matsoft', '6.93'),
(611, 'Bamity', '7.81'),
(612, 'Vagram', '9.40'),
(613, 'Bytecard', '5.78'),
(614, 'Voyatouch', '7.40'),
(615, 'Flowdesk', '4.57'),
(616, 'Ronstring', '9.13'),
(617, 'Alphazap', '7.75'),
(618, 'Voltsillam', '7.41'),
(619, 'Wrapsafe', '0.85'),
(620, 'Alphazap', '3.79'),
(621, 'Gembucket', '2.86'),
(622, 'Y-find', '5.68'),
(623, 'Matsoft', '4.38'),
(624, 'Sub-Ex', '8.70'),
(625, 'Bigtax', '1.32'),
(626, 'Vagram', '5.67'),
(627, 'Matsoft', '1.55'),
(628, 'Keylex', '7.99'),
(629, 'Kanlam', '4.38'),
(630, 'Transcof', '3.42'),
(631, 'Cookley', '0.72'),
(632, 'Subin', '5.35'),
(633, 'Veribet', '8.50'),
(634, 'Viva', '5.57'),
(635, 'Greenlam', '5.43'),
(636, 'Subin', '1.80'),
(637, 'Holdlamis', '8.26'),
(638, 'Biodex', '7.21'),
(639, 'Lotstring', '8.70'),
(640, 'Biodex', '6.65'),
(641, 'Voltsillam', '1.86'),
(642, 'Biodex', '9.72'),
(643, 'Ronstring', '6.70'),
(644, 'Zathin', '9.21'),
(645, 'Asoka', '9.41'),
(646, 'Regrant', '4.93'),
(647, 'Bigtax', '2.13'),
(648, 'Trippledex', '5.64'),
(649, 'Latlux', '9.05'),
(650, 'Cardguard', '6.53'),
(651, 'Andalax', '8.63'),
(652, 'Cardguard', '6.72'),
(653, 'Stim', '5.18'),
(654, 'Pannier', '0.10'),
(655, 'Zathin', '4.10'),
(656, 'Cardify', '6.07'),
(657, 'Andalax', '4.30'),
(658, 'Cardify', '5.74'),
(659, 'Prodder', '7.87'),
(660, 'Fixflex', '9.03'),
(661, 'Bytecard', '1.32'),
(662, 'Trippledex', '6.41'),
(663, 'Pannier', '2.14'),
(664, 'Sonair', '7.31'),
(665, 'Latlux', '0.90'),
(666, 'Quo Lux', '0.58'),
(667, 'Temp', '5.36'),
(668, 'Fixflex', '2.25'),
(669, 'Rank', '5.96'),
(670, 'Bigtax', '5.54'),
(671, 'Y-Solowarm', '9.46'),
(672, 'Bitwolf', '3.29'),
(673, 'Overhold', '2.06'),
(674, 'Asoka', '0.44'),
(675, 'Zathin', '7.70'),
(676, 'Zoolab', '5.06'),
(677, 'Matsoft', '0.19'),
(678, 'Sonair', '2.27'),
(679, 'Stronghold', '6.88'),
(680, 'Treeflex', '4.07'),
(681, 'Bitwolf', '5.62'),
(682, 'Voltsillam', '8.62'),
(683, 'Subin', '0.13'),
(684, 'Asoka', '8.62'),
(685, 'Zontrax', '8.65'),
(686, 'Kanlam', '1.26'),
(687, 'Alpha', '0.40'),
(688, 'Tres-Zap', '4.54'),
(689, 'Transcof', '0.36'),
(690, 'Zamit', '0.63'),
(691, 'Regrant', '7.02'),
(692, 'Duobam', '2.16'),
(693, 'Prodder', '2.76'),
(694, 'Biodex', '8.71'),
(695, 'Alpha', '7.30'),
(696, 'Mat Lam Tam', '7.51'),
(697, 'Matsoft', '7.88'),
(698, 'Aerified', '0.45'),
(699, 'Kanlam', '1.32'),
(700, 'Lotstring', '7.83'),
(701, 'Ronstring', '2.14'),
(702, 'Sonair', '8.94'),
(703, 'Opela', '8.12'),
(704, 'Daltfresh', '0.38'),
(705, 'Fixflex', '9.69'),
(706, 'Zaam-Dox', '0.12'),
(707, 'Alphazap', '4.01'),
(708, 'Tres-Zap', '4.06'),
(709, 'Lotstring', '9.30'),
(710, 'Sub-Ex', '2.27'),
(711, 'Rank', '1.09'),
(712, 'Holdlamis', '4.85'),
(713, 'Regrant', '8.72'),
(714, 'Bitchip', '9.67'),
(715, 'Quo Lux', '1.62'),
(716, 'Latlux', '5.93'),
(717, 'Zathin', '0.40'),
(718, 'Hatity', '9.39'),
(719, 'Lotlux', '4.88'),
(720, 'Veribet', '7.90'),
(721, 'Bitwolf', '2.06'),
(722, 'Fintone', '1.78'),
(723, 'Lotstring', '9.62'),
(724, 'Veribet', '6.49'),
(725, 'Regrant', '6.56'),
(726, 'Sub-Ex', '0.33'),
(727, 'Trippledex', '1.65'),
(728, 'Sonair', '2.28'),
(729, 'Veribet', '9.19'),
(730, 'Home Ing', '9.02'),
(731, 'Stim', '3.04'),
(732, 'Vagram', '5.82'),
(733, 'Greenlam', '5.37'),
(734, 'Stringtough', '3.51'),
(735, 'Fintone', '7.99'),
(736, 'Aerified', '3.64'),
(737, 'Cardify', '5.56'),
(738, 'Holdlamis', '7.12'),
(739, 'Span', '0.76'),
(740, 'Tresom', '4.18'),
(741, 'Matsoft', '9.22'),
(742, 'Konklab', '7.90'),
(743, 'Veribet', '6.03'),
(744, 'Tresom', '1.30'),
(745, 'Ventosanzap', '7.38'),
(746, 'Greenlam', '0.23'),
(747, 'Sonsing', '2.35'),
(748, 'Fixflex', '0.11'),
(749, 'Tampflex', '1.02'),
(750, 'Wrapsafe', '3.72'),
(751, 'Otcom', '3.88'),
(752, 'Stronghold', '0.72'),
(753, 'Sub-Ex', '1.10'),
(754, 'Daltfresh', '9.90'),
(755, 'Bytecard', '4.91'),
(756, 'Voyatouch', '9.69'),
(757, 'Sub-Ex', '4.34'),
(758, 'Aerified', '3.07'),
(759, 'Daltfresh', '0.73'),
(760, 'Aerified', '6.01'),
(761, 'Latlux', '7.65'),
(762, 'Bitwolf', '2.93'),
(763, 'Gembucket', '9.99'),
(764, 'Voyatouch', '5.71'),
(765, 'Stim', '8.95'),
(766, 'Bytecard', '4.10'),
(767, 'Y-find', '5.17'),
(768, 'Stronghold', '8.94'),
(769, 'Regrant', '8.94'),
(770, 'Bytecard', '3.53'),
(771, 'Holdlamis', '2.34'),
(772, 'Mat Lam Tam', '6.97'),
(773, 'Stronghold', '0.05'),
(774, 'Sonsing', '4.27'),
(775, 'Matsoft', '2.69'),
(776, 'Mat Lam Tam', '3.89'),
(777, 'Subin', '5.60'),
(778, 'Viva', '9.96'),
(779, 'Andalax', '5.45'),
(780, 'Transcof', '1.79'),
(781, 'Flexidy', '5.53'),
(782, 'Ronstring', '9.60'),
(783, 'Voyatouch', '0.78'),
(784, 'Quo Lux', '2.20'),
(785, 'Tresom', '5.67'),
(786, 'Kanlam', '6.90'),
(787, 'Fixflex', '3.13'),
(788, 'Latlux', '9.59'),
(789, 'Sonair', '8.04'),
(790, 'Asoka', '5.64'),
(791, 'Stronghold', '5.06'),
(792, 'Rank', '4.22'),
(793, 'Ronstring', '4.36'),
(794, 'Tres-Zap', '4.70'),
(795, 'Otcom', '1.24'),
(796, 'Tempsoft', '2.25'),
(797, 'Prodder', '9.58'),
(798, 'Zaam-Dox', '6.42'),
(799, 'Y-Solowarm', '1.98'),
(800, 'Subin', '5.71'),
(801, 'Otcom', '7.56'),
(802, 'It', '6.99'),
(803, 'Zamit', '7.40'),
(804, 'Otcom', '9.93'),
(805, 'Fix San', '9.79'),
(806, 'Mat Lam Tam', '2.13'),
(807, 'Toughjoyfax', '3.54'),
(808, 'Ventosanzap', '2.63'),
(809, 'Vagram', '9.28'),
(810, 'Ventosanzap', '7.36'),
(811, 'Flexidy', '0.30'),
(812, 'Tresom', '0.40'),
(813, 'Flowdesk', '8.67'),
(814, 'Holdlamis', '4.68'),
(815, 'Lotlux', '7.24'),
(816, 'Bigtax', '0.41'),
(817, 'Vagram', '7.93'),
(818, 'Ronstring', '1.92'),
(819, 'Bytecard', '8.00'),
(820, 'Namfix', '6.55'),
(821, 'Veribet', '3.37'),
(822, 'Job', '2.51'),
(823, 'Sub-Ex', '0.22'),
(824, 'Job', '6.65'),
(825, 'Overhold', '6.97'),
(826, 'Zontrax', '0.19'),
(827, 'Biodex', '2.76'),
(828, 'Fintone', '3.48'),
(829, 'Zathin', '4.20'),
(830, 'Veribet', '1.57'),
(831, 'Bitchip', '5.15'),
(832, 'Zamit', '9.93'),
(833, 'Aerified', '4.35'),
(834, 'Temp', '7.90'),
(835, 'Bytecard', '2.82'),
(836, 'Voyatouch', '6.15'),
(837, 'Alpha', '4.69'),
(838, 'Hatity', '10.00'),
(839, 'Quo Lux', '4.98'),
(840, 'Opela', '2.40'),
(841, 'Bytecard', '8.37'),
(842, 'Treeflex', '3.60'),
(843, 'Tin', '9.67'),
(844, 'Ventosanzap', '7.14'),
(845, 'Konklab', '3.38'),
(846, 'Flexidy', '7.30'),
(847, 'Biodex', '1.07'),
(848, 'Konklab', '3.23'),
(849, 'Ronstring', '4.12'),
(850, 'Tempsoft', '0.47'),
(851, 'Ronstring', '4.47'),
(852, 'Lotstring', '8.23'),
(853, 'Y-find', '7.67'),
(854, 'Fixflex', '0.49'),
(855, 'Ronstring', '3.91'),
(856, 'Quo Lux', '8.18'),
(857, 'Stronghold', '0.77'),
(858, 'Home Ing', '0.46'),
(859, 'Regrant', '7.76'),
(860, 'Zamit', '1.04'),
(861, 'Biodex', '4.47'),
(862, 'Bytecard', '9.73'),
(863, 'Quo Lux', '5.00'),
(864, 'Wrapsafe', '1.16'),
(865, 'Viva', '5.41'),
(866, 'It', '3.04'),
(867, 'Gembucket', '4.29'),
(868, 'Duobam', '7.60'),
(869, 'Zoolab', '4.26'),
(870, 'Alphazap', '6.47'),
(871, 'Voyatouch', '2.35'),
(872, 'Mat Lam Tam', '9.08'),
(873, 'Zamit', '3.39'),
(874, 'Bitchip', '2.60'),
(875, 'Cardguard', '9.73'),
(876, 'Solarbreeze', '0.33'),
(877, 'Mat Lam Tam', '0.36'),
(878, 'Home Ing', '3.20'),
(879, 'Opela', '8.27'),
(880, 'Matsoft', '2.42'),
(881, 'Opela', '3.24'),
(882, 'Transcof', '8.32'),
(883, 'Tin', '9.91'),
(884, 'Tresom', '8.35'),
(885, 'Tampflex', '8.76'),
(886, 'Overhold', '7.75'),
(887, 'Redhold', '8.90'),
(888, 'Bamity', '2.96'),
(889, 'Subin', '0.84'),
(890, 'Biodex', '4.49'),
(891, 'Veribet', '4.14'),
(892, 'Rank', '4.57'),
(893, 'Fintone', '3.74'),
(894, 'Toughjoyfax', '8.17'),
(895, 'Flowdesk', '5.50'),
(896, 'Voyatouch', '4.88'),
(897, 'Stim', '5.70'),
(898, 'Prodder', '9.79'),
(899, 'Y-Solowarm', '2.38'),
(900, 'Andalax', '4.96'),
(901, 'Fix San', '4.12'),
(902, 'Gembucket', '2.10'),
(903, 'Tresom', '7.00'),
(904, 'Y-Solowarm', '3.50'),
(905, 'Transcof', '9.60'),
(906, 'Sub-Ex', '3.99'),
(907, 'Fintone', '7.18'),
(908, 'Andalax', '8.87'),
(909, 'Redhold', '8.28'),
(910, 'Andalax', '1.83'),
(911, 'Vagram', '3.13'),
(912, 'Gembucket', '5.38'),
(913, 'Trippledex', '7.56'),
(914, 'Matsoft', '7.42'),
(915, 'Trippledex', '1.04'),
(916, 'Zontrax', '7.19'),
(917, 'Keylex', '5.79'),
(918, 'Treeflex', '2.38'),
(919, 'Duobam', '7.95'),
(920, 'It', '9.56'),
(921, 'Viva', '0.67'),
(922, 'Tampflex', '8.85'),
(923, 'Span', '9.85'),
(924, 'Alphazap', '8.93'),
(925, 'Pannier', '1.04'),
(926, 'Y-find', '2.38'),
(927, 'Toughjoyfax', '7.49'),
(928, 'Bamity', '5.48'),
(929, 'Bitwolf', '6.36'),
(930, 'Veribet', '7.04'),
(931, 'Matsoft', '0.33'),
(932, 'Bamity', '4.73'),
(933, 'Redhold', '0.11'),
(934, 'Sub-Ex', '8.46'),
(935, 'Lotstring', '4.38'),
(936, 'Wrapsafe', '5.00'),
(937, 'Span', '4.49'),
(938, 'Subin', '7.62'),
(939, 'Otcom', '8.97'),
(940, 'Gembucket', '7.58'),
(941, 'Zathin', '8.06'),
(942, 'Otcom', '0.15'),
(943, 'Zoolab', '8.26'),
(944, 'Zoolab', '3.77'),
(945, 'Tempsoft', '5.08'),
(946, 'Viva', '10.00'),
(947, 'Greenlam', '3.06'),
(948, 'Alphazap', '2.49'),
(949, 'Lotlux', '1.92'),
(950, 'Domainer', '9.67'),
(951, 'Fintone', '6.87'),
(952, 'Domainer', '0.10'),
(953, 'Prodder', '3.23'),
(954, 'Veribet', '8.73'),
(955, 'Stronghold', '2.91'),
(956, 'Duobam', '1.60'),
(957, 'Voyatouch', '9.89'),
(958, 'Overhold', '9.12'),
(959, 'Y-find', '4.95'),
(960, 'Job', '8.68'),
(961, 'Cardguard', '1.83'),
(962, 'Mat Lam Tam', '8.17'),
(963, 'Bigtax', '9.97'),
(964, 'Ronstring', '4.77'),
(965, 'Y-find', '8.90'),
(966, 'Gembucket', '3.15'),
(967, 'Opela', '3.98'),
(968, 'Tempsoft', '0.65'),
(969, 'Overhold', '2.38'),
(970, 'Temp', '0.85'),
(971, 'Zoolab', '2.22'),
(972, 'Wrapsafe', '7.37'),
(973, 'Y-Solowarm', '1.25'),
(974, 'Sonair', '4.97'),
(975, 'Sonsing', '8.27'),
(976, 'Domainer', '6.29'),
(977, 'Fintone', '5.58'),
(978, 'Job', '2.42'),
(979, 'Home Ing', '1.12'),
(980, 'Redhold', '5.64'),
(981, 'Span', '3.59'),
(982, 'Kanlam', '4.26'),
(983, 'Veribet', '2.38'),
(984, 'Vagram', '5.58'),
(985, 'Domainer', '7.95'),
(986, 'Bitchip', '0.48'),
(987, 'Zathin', '6.39'),
(988, 'Aerified', '8.12'),
(989, 'Solarbreeze', '9.27'),
(990, 'Bitchip', '3.25'),
(991, 'Flexidy', '8.73'),
(992, 'Opela', '6.75'),
(993, 'Stronghold', '5.46'),
(994, 'Opela', '0.60'),
(995, 'Tres-Zap', '9.51'),
(996, 'Konklux', '9.77'),
(997, 'Sub-Ex', '1.98'),
(998, 'Greenlam', '5.18'),
(999, 'Y-Solowarm', '0.21'),
(1000, 'Alpha', '9.16'),
(1001, 'Bamity', '5.48'),
(1002, 'Biodex', '1.80'),
(1003, 'Otcom', '6.53'),
(1004, 'Flowdesk', '9.19'),
(1005, 'Alpha', '6.89'),
(1006, 'Alphazap', '9.61'),
(1007, 'Duobam', '9.48'),
(1008, 'Zontrax', '9.47'),
(1009, 'Alpha', '7.18'),
(1010, 'Home Ing', '3.60'),
(1011, 'Daltfresh', '6.37'),
(1012, 'It', '5.35'),
(1013, 'Duobam', '0.96'),
(1014, 'Overhold', '8.89'),
(1015, 'Stim', '0.49'),
(1016, 'Greenlam', '9.83'),
(1017, 'Konklux', '0.54'),
(1018, 'Stim', '3.66'),
(1019, 'Domainer', '1.32'),
(1020, 'Veribet', '4.31'),
(1021, 'Opela', '1.53'),
(1022, 'Vagram', '0.83'),
(1023, 'Voyatouch', '2.65'),
(1024, 'Gembucket', '4.84'),
(1025, 'Stim', '5.05'),
(1026, 'Keylex', '6.41'),
(1027, 'Konklux', '2.04'),
(1028, 'Viva', '2.45'),
(1029, 'Redhold', '5.15'),
(1030, 'Solarbreeze', '0.45'),
(1031, 'Latlux', '3.16'),
(1032, 'Solarbreeze', '6.15'),
(1033, 'Zamit', '7.61'),
(1034, 'Zathin', '4.05'),
(1035, 'Sonsing', '2.27'),
(1036, 'Zathin', '3.76'),
(1037, 'Mat Lam Tam', '2.51'),
(1038, 'Mat Lam Tam', '5.83'),
(1039, 'Asoka', '8.46'),
(1040, 'Tres-Zap', '0.70'),
(1041, 'Toughjoyfax', '3.47'),
(1042, 'Tres-Zap', '8.97'),
(1043, 'Sub-Ex', '0.72'),
(1044, 'Domainer', '7.27'),
(1045, 'Zathin', '8.63'),
(1046, 'Keylex', '8.22'),
(1047, 'Redhold', '5.16'),
(1048, 'Ventosanzap', '1.66'),
(1049, 'Tampflex', '3.84'),
(1050, 'Tres-Zap', '0.31'),
(1051, 'Alphazap', '6.00'),
(1052, 'Zontrax', '6.75'),
(1053, 'Tin', '3.96'),
(1054, 'Solarbreeze', '1.56'),
(1055, 'Ventosanzap', '3.68'),
(1056, 'Cookley', '9.35'),
(1057, 'Pannier', '4.10'),
(1058, 'Konklab', '1.07'),
(1059, 'Temp', '9.86'),
(1060, 'Alphazap', '6.19'),
(1061, 'Veribet', '5.18'),
(1062, 'Stringtough', '1.79'),
(1063, 'Aerified', '1.62'),
(1064, 'Konklux', '1.90'),
(1065, 'It', '5.19'),
(1066, 'Mat Lam Tam', '6.51'),
(1067, 'Tres-Zap', '5.36'),
(1068, 'Hatity', '7.75'),
(1069, 'Latlux', '5.37'),
(1070, 'Konklux', '9.22'),
(1071, 'Andalax', '5.27'),
(1072, 'Biodex', '1.97'),
(1073, 'Asoka', '6.50'),
(1074, 'Bytecard', '9.30'),
(1075, 'Alphazap', '3.57'),
(1076, 'Tin', '5.38'),
(1077, 'Redhold', '6.13'),
(1078, 'Bitchip', '5.00'),
(1079, 'Tampflex', '2.62'),
(1080, 'Redhold', '1.34'),
(1081, 'Y-find', '7.80'),
(1082, 'Subin', '0.23'),
(1083, 'Treeflex', '5.41'),
(1084, 'Kanlam', '2.76'),
(1085, 'Solarbreeze', '0.98'),
(1086, 'Konklab', '1.16'),
(1087, 'Ventosanzap', '9.56'),
(1088, 'Cardguard', '8.03'),
(1089, 'Home Ing', '0.67'),
(1090, 'Sonsing', '0.44'),
(1091, 'Stringtough', '4.50'),
(1092, 'Temp', '1.06'),
(1093, 'Zathin', '2.21'),
(1094, 'Cookley', '8.04'),
(1095, 'Temp', '8.86'),
(1096, 'Bamity', '0.41'),
(1097, 'Mat Lam Tam', '4.20'),
(1098, 'Hatity', '3.42'),
(1099, 'Holdlamis', '7.95'),
(1100, 'Zaam-Dox', '3.89');

-- --------------------------------------------------------

--
-- Структура таблицы `product_in_category`
--

CREATE TABLE IF NOT EXISTS `product_in_category` (
  `id` int(11) NOT NULL AUTO_INCREMENT,
  `product_id` int(11) NOT NULL,
  `category_id` int(11) NOT NULL,
  PRIMARY KEY (`id`),
  KEY `prod_in_cat_fk0` (`product_id`),
  KEY `prod_in_cat_fk1` (`category_id`)
) ENGINE=InnoDB  DEFAULT CHARSET=utf8 AUTO_INCREMENT=1001 ;

--
-- Дамп данных таблицы `product_in_category`
--

INSERT INTO `product_in_category` (`id`, `product_id`, `category_id`) VALUES
(1, 336, 223),
(2, 604, 247),
(3, 1033, 255),
(4, 631, 190),
(5, 52, 25),
(6, 870, 25),
(7, 76, 30),
(8, 392, 76),
(9, 322, 198),
(10, 257, 89),
(11, 680, 106),
(12, 899, 56),
(13, 857, 228),
(14, 369, 303),
(15, 274, 202),
(16, 1084, 218),
(17, 231, 283),
(18, 228, 117),
(19, 1035, 62),
(20, 4, 10),
(21, 749, 45),
(22, 1050, 153),
(23, 640, 251),
(24, 506, 133),
(25, 767, 296),
(26, 1063, 66),
(27, 471, 224),
(28, 825, 34),
(29, 610, 81),
(30, 461, 215),
(31, 152, 284),
(32, 809, 207),
(33, 925, 131),
(34, 556, 182),
(35, 848, 178),
(36, 950, 204),
(37, 993, 171),
(38, 541, 305),
(39, 852, 195),
(40, 562, 32),
(41, 360, 258),
(42, 230, 27),
(43, 787, 110),
(44, 341, 147),
(45, 542, 169),
(46, 860, 178),
(47, 367, 140),
(48, 518, 203),
(49, 89, 289),
(50, 906, 203),
(51, 919, 292),
(52, 461, 236),
(53, 1061, 198),
(54, 722, 268),
(55, 80, 278),
(56, 177, 57),
(57, 142, 102),
(58, 937, 149),
(59, 358, 296),
(60, 280, 33),
(61, 199, 250),
(62, 288, 169),
(63, 239, 140),
(64, 417, 115),
(65, 963, 260),
(66, 623, 201),
(67, 252, 9),
(68, 389, 298),
(69, 311, 214),
(70, 884, 308),
(71, 175, 268),
(72, 467, 219),
(73, 1046, 194),
(74, 594, 179),
(75, 752, 264),
(76, 976, 242),
(77, 846, 139),
(78, 432, 48),
(79, 774, 78),
(80, 849, 115),
(81, 783, 276),
(82, 59, 41),
(83, 670, 239),
(84, 132, 35),
(85, 296, 126),
(86, 31, 299),
(87, 661, 226),
(88, 197, 198),
(89, 562, 133),
(90, 792, 235),
(91, 766, 283),
(92, 212, 167),
(93, 244, 214),
(94, 1013, 33),
(95, 735, 105),
(96, 686, 219),
(97, 776, 242),
(98, 478, 189),
(99, 686, 281),
(100, 323, 235),
(101, 349, 103),
(102, 55, 14),
(103, 43, 29),
(104, 478, 188),
(105, 687, 162),
(106, 1074, 180),
(107, 972, 295),
(108, 779, 203),
(109, 857, 278),
(110, 1030, 189),
(111, 74, 108),
(112, 285, 175),
(113, 243, 143),
(114, 750, 146),
(115, 701, 187),
(116, 637, 134),
(117, 428, 269),
(118, 172, 218),
(119, 778, 261),
(120, 411, 125),
(121, 541, 24),
(122, 452, 42),
(123, 276, 169),
(124, 317, 139),
(125, 103, 143),
(126, 536, 200),
(127, 826, 125),
(128, 888, 182),
(129, 332, 194),
(130, 6, 137),
(131, 1001, 94),
(132, 263, 257),
(133, 151, 4),
(134, 858, 144),
(135, 231, 14),
(136, 613, 255),
(137, 69, 133),
(138, 594, 22),
(139, 375, 190),
(140, 129, 143),
(141, 753, 295),
(142, 801, 141),
(143, 493, 271),
(144, 543, 93),
(145, 957, 102),
(146, 447, 77),
(147, 944, 25),
(148, 777, 230),
(149, 51, 212),
(150, 957, 130),
(151, 43, 253),
(152, 1089, 234),
(153, 769, 297),
(154, 688, 33),
(155, 1005, 67),
(156, 85, 87),
(157, 603, 75),
(158, 415, 226),
(159, 8, 96),
(160, 419, 190),
(161, 986, 143),
(162, 393, 117),
(163, 759, 277),
(164, 377, 120),
(165, 517, 106),
(166, 388, 65),
(167, 379, 146),
(168, 1080, 181),
(169, 577, 66),
(170, 26, 108),
(171, 322, 96),
(172, 626, 160),
(173, 865, 67),
(174, 898, 50),
(175, 692, 195),
(176, 314, 11),
(177, 390, 279),
(178, 797, 135),
(179, 514, 139),
(180, 908, 263),
(181, 683, 131),
(182, 890, 7),
(183, 806, 72),
(184, 300, 146),
(185, 676, 67),
(186, 227, 305),
(187, 1067, 113),
(188, 931, 233),
(189, 406, 58),
(190, 473, 106),
(191, 905, 65),
(192, 528, 42),
(193, 402, 139),
(194, 150, 94),
(195, 883, 215),
(196, 57, 194),
(197, 687, 83),
(198, 584, 259),
(199, 351, 173),
(200, 891, 222),
(201, 628, 29),
(202, 715, 277),
(203, 729, 96),
(204, 988, 147),
(205, 961, 104),
(206, 595, 218),
(207, 807, 22),
(208, 526, 251),
(209, 361, 284),
(210, 412, 107),
(211, 918, 33),
(212, 524, 92),
(213, 515, 257),
(214, 212, 84),
(215, 178, 263),
(216, 385, 80),
(217, 971, 124),
(218, 687, 212),
(219, 401, 77),
(220, 19, 225),
(221, 585, 241),
(222, 5, 295),
(223, 1014, 309),
(224, 919, 234),
(225, 492, 9),
(226, 85, 99),
(227, 262, 35),
(228, 6, 122),
(229, 822, 158),
(230, 756, 238),
(231, 385, 167),
(232, 657, 101),
(233, 30, 106),
(234, 710, 107),
(235, 709, 8),
(236, 106, 118),
(237, 761, 188),
(238, 311, 38),
(239, 652, 96),
(240, 1027, 84),
(241, 1069, 127),
(242, 370, 194),
(243, 817, 60),
(244, 293, 290),
(245, 609, 194),
(246, 578, 307),
(247, 865, 192),
(248, 747, 13),
(249, 648, 145),
(250, 596, 58),
(251, 922, 48),
(252, 512, 107),
(253, 1015, 290),
(254, 414, 153),
(255, 226, 66),
(256, 652, 67),
(257, 199, 199),
(258, 222, 233),
(259, 422, 49),
(260, 497, 71),
(261, 1082, 162),
(262, 51, 275),
(263, 564, 251),
(264, 951, 139),
(265, 780, 236),
(266, 537, 237),
(267, 420, 114),
(268, 174, 143),
(269, 367, 298),
(270, 693, 69),
(271, 843, 274),
(272, 394, 248),
(273, 537, 278),
(274, 277, 102),
(275, 534, 211),
(276, 535, 192),
(277, 609, 304),
(278, 193, 185),
(279, 238, 174),
(280, 788, 125),
(281, 227, 106),
(282, 441, 47),
(283, 712, 183),
(284, 765, 67),
(285, 657, 169),
(286, 487, 114),
(287, 492, 177),
(288, 769, 250),
(289, 646, 300),
(290, 82, 112),
(291, 787, 242),
(292, 53, 13),
(293, 395, 70),
(294, 28, 100),
(295, 480, 11),
(296, 15, 273),
(297, 14, 46),
(298, 495, 241),
(299, 298, 80),
(300, 976, 189),
(301, 596, 147),
(302, 666, 303),
(303, 203, 109),
(304, 307, 172),
(305, 164, 297),
(306, 328, 288),
(307, 639, 216),
(308, 364, 241),
(309, 204, 305),
(310, 481, 157),
(311, 1002, 39),
(312, 1086, 142),
(313, 996, 258),
(314, 183, 166),
(315, 550, 25),
(316, 175, 29),
(317, 595, 31),
(318, 799, 308),
(319, 889, 25),
(320, 237, 114),
(321, 937, 254),
(322, 795, 275),
(323, 296, 274),
(324, 654, 56),
(325, 312, 97),
(326, 417, 189),
(327, 552, 289),
(328, 22, 20),
(329, 371, 254),
(330, 910, 185),
(331, 872, 98),
(332, 983, 17),
(333, 892, 249),
(334, 847, 135),
(335, 944, 54),
(336, 32, 201),
(337, 326, 254),
(338, 121, 268),
(339, 780, 147),
(340, 1054, 90),
(341, 729, 98),
(342, 733, 69),
(343, 415, 252),
(344, 1002, 105),
(345, 734, 20),
(346, 522, 294),
(347, 815, 55),
(348, 828, 172),
(349, 97, 190),
(350, 345, 53),
(351, 432, 288),
(352, 955, 190),
(353, 407, 155),
(354, 331, 92),
(355, 944, 132),
(356, 32, 268),
(357, 968, 117),
(358, 1055, 51),
(359, 310, 140),
(360, 167, 213),
(361, 481, 211),
(362, 197, 75),
(363, 1017, 9),
(364, 227, 228),
(365, 387, 264),
(366, 123, 95),
(367, 993, 9),
(368, 603, 29),
(369, 90, 273),
(370, 499, 149),
(371, 903, 219),
(372, 459, 284),
(373, 1025, 173),
(374, 129, 87),
(375, 963, 210),
(376, 1031, 187),
(377, 850, 82),
(378, 54, 90),
(379, 362, 199),
(380, 820, 139),
(381, 1, 292),
(382, 156, 77),
(383, 328, 146),
(384, 758, 223),
(385, 759, 189),
(386, 899, 274),
(387, 520, 194),
(388, 545, 281),
(389, 56, 215),
(390, 33, 15),
(391, 787, 113),
(392, 383, 188),
(393, 343, 236),
(394, 1065, 258),
(395, 422, 228),
(396, 282, 182),
(397, 625, 264),
(398, 829, 125),
(399, 194, 175),
(400, 653, 290),
(401, 191, 3),
(402, 608, 189),
(403, 659, 245),
(404, 21, 277),
(405, 998, 245),
(406, 14, 74),
(407, 396, 165),
(408, 60, 53),
(409, 238, 10),
(410, 172, 22),
(411, 952, 276),
(412, 1071, 43),
(413, 803, 243),
(414, 765, 221),
(415, 299, 204),
(416, 624, 56),
(417, 612, 171),
(418, 8, 33),
(419, 42, 235),
(420, 1096, 26),
(421, 951, 103),
(422, 16, 196),
(423, 29, 183),
(424, 240, 133),
(425, 153, 284),
(426, 675, 30),
(427, 863, 240),
(428, 893, 113),
(429, 343, 237),
(430, 952, 184),
(431, 634, 222),
(432, 538, 269),
(433, 452, 162),
(434, 1012, 61),
(435, 312, 55),
(436, 382, 301),
(437, 414, 267),
(438, 1032, 61),
(439, 871, 41),
(440, 841, 268),
(441, 259, 234),
(442, 914, 110),
(443, 745, 266),
(444, 1070, 107),
(445, 770, 242),
(446, 350, 98),
(447, 341, 25),
(448, 554, 242),
(449, 391, 64),
(450, 26, 193),
(451, 589, 249),
(452, 108, 62),
(453, 1087, 15),
(454, 270, 199),
(455, 859, 56),
(456, 291, 115),
(457, 354, 294),
(458, 207, 93),
(459, 106, 304),
(460, 607, 272),
(461, 121, 25),
(462, 132, 132),
(463, 45, 142),
(464, 727, 6),
(465, 1073, 196),
(466, 748, 241),
(467, 875, 18),
(468, 708, 115),
(469, 714, 253),
(470, 1047, 218),
(471, 644, 163),
(472, 266, 152),
(473, 138, 129),
(474, 546, 206),
(475, 126, 224),
(476, 642, 253),
(477, 185, 8),
(478, 442, 70),
(479, 735, 192),
(480, 854, 11),
(481, 132, 92),
(482, 765, 110),
(483, 269, 87),
(484, 236, 168),
(485, 833, 64),
(486, 185, 12),
(487, 725, 86),
(488, 264, 168),
(489, 995, 229),
(490, 990, 272),
(491, 233, 275),
(492, 1084, 296),
(493, 730, 286),
(494, 74, 111),
(495, 749, 151),
(496, 194, 263),
(497, 650, 57),
(498, 214, 302),
(499, 360, 277),
(500, 979, 277),
(501, 1087, 128),
(502, 846, 221),
(503, 143, 37),
(504, 303, 182),
(505, 232, 15),
(506, 184, 207),
(507, 827, 95),
(508, 1080, 35),
(509, 886, 251),
(510, 100, 147),
(511, 505, 120),
(512, 302, 270),
(513, 152, 207),
(514, 243, 174),
(515, 187, 231),
(516, 235, 110),
(517, 53, 289),
(518, 766, 230),
(519, 683, 237),
(520, 766, 155),
(521, 14, 132),
(522, 563, 92),
(523, 430, 301),
(524, 571, 179),
(525, 850, 66),
(526, 67, 142),
(527, 173, 184),
(528, 867, 109),
(529, 968, 83),
(530, 862, 67),
(531, 547, 198),
(532, 149, 129),
(533, 604, 18),
(534, 533, 172),
(535, 779, 235),
(536, 17, 9),
(537, 818, 85),
(538, 89, 122),
(539, 660, 220),
(540, 2, 249),
(541, 582, 33),
(542, 1035, 295),
(543, 471, 3),
(544, 729, 183),
(545, 209, 63),
(546, 1095, 290),
(547, 697, 167),
(548, 861, 220),
(549, 873, 60),
(550, 564, 199),
(551, 205, 268),
(552, 155, 221),
(553, 259, 281),
(554, 620, 116),
(555, 407, 39),
(556, 307, 51),
(557, 337, 5),
(558, 851, 263),
(559, 933, 206),
(560, 918, 203),
(561, 344, 197),
(562, 1, 87),
(563, 18, 245),
(564, 1077, 255),
(565, 893, 285),
(566, 754, 4),
(567, 753, 66),
(568, 915, 190),
(569, 358, 67),
(570, 915, 43),
(571, 994, 298),
(572, 856, 68),
(573, 764, 23),
(574, 713, 46),
(575, 996, 258),
(576, 744, 8),
(577, 993, 16),
(578, 859, 75),
(579, 116, 180),
(580, 869, 159),
(581, 681, 276),
(582, 1087, 190),
(583, 515, 134),
(584, 740, 128),
(585, 712, 159),
(586, 600, 196),
(587, 955, 179),
(588, 1044, 287),
(589, 856, 164),
(590, 411, 79),
(591, 732, 54),
(592, 1057, 52),
(593, 859, 184),
(594, 665, 165),
(595, 154, 133),
(596, 715, 272),
(597, 587, 53),
(598, 462, 301),
(599, 311, 213),
(600, 53, 4),
(601, 843, 200),
(602, 669, 303),
(603, 225, 158),
(604, 979, 263),
(605, 136, 281),
(606, 311, 71),
(607, 81, 2),
(608, 581, 134),
(609, 26, 43),
(610, 300, 61),
(611, 547, 211),
(612, 954, 171),
(613, 972, 217),
(614, 281, 271),
(615, 613, 252),
(616, 867, 148),
(617, 105, 150),
(618, 263, 182),
(619, 874, 83),
(620, 553, 17),
(621, 837, 59),
(622, 301, 268),
(623, 876, 80),
(624, 433, 16),
(625, 769, 270),
(626, 302, 281),
(627, 328, 83),
(628, 959, 232),
(629, 771, 60),
(630, 1023, 252),
(631, 192, 118),
(632, 902, 182),
(633, 89, 302),
(634, 632, 10),
(635, 741, 264),
(636, 398, 91),
(637, 592, 184),
(638, 30, 16),
(639, 466, 269),
(640, 773, 38),
(641, 266, 284),
(642, 1040, 182),
(643, 386, 227),
(644, 407, 223),
(645, 841, 214),
(646, 859, 125),
(647, 5, 78),
(648, 254, 175),
(649, 820, 279),
(650, 587, 263),
(651, 23, 144),
(652, 215, 17),
(653, 838, 132),
(654, 297, 195),
(655, 1098, 173),
(656, 756, 278),
(657, 1071, 104),
(658, 837, 245),
(659, 361, 218),
(660, 920, 214),
(661, 1019, 18),
(662, 328, 101),
(663, 308, 224),
(664, 355, 233),
(665, 1070, 14),
(666, 951, 67),
(667, 726, 23),
(668, 831, 85),
(669, 732, 87),
(670, 1039, 145),
(671, 241, 251),
(672, 573, 109),
(673, 511, 99),
(674, 429, 64),
(675, 674, 124),
(676, 1010, 132),
(677, 719, 227),
(678, 473, 55),
(679, 823, 178),
(680, 744, 134),
(681, 522, 30),
(682, 922, 48),
(683, 278, 238),
(684, 291, 16),
(685, 90, 87),
(686, 1090, 31),
(687, 450, 252),
(688, 318, 163),
(689, 87, 105),
(690, 35, 204),
(691, 75, 236),
(692, 899, 69),
(693, 651, 210),
(694, 1039, 149),
(695, 800, 27),
(696, 758, 188),
(697, 648, 22),
(698, 60, 243),
(699, 1091, 118),
(700, 279, 279),
(701, 507, 73),
(702, 18, 102),
(703, 407, 264),
(704, 30, 82),
(705, 643, 131),
(706, 500, 275),
(707, 493, 71),
(708, 417, 67),
(709, 866, 148),
(710, 715, 294),
(711, 193, 153),
(712, 962, 262),
(713, 731, 58),
(714, 82, 183),
(715, 769, 78),
(716, 397, 233),
(717, 742, 72),
(718, 684, 94),
(719, 24, 69),
(720, 199, 215),
(721, 116, 236),
(722, 199, 300),
(723, 61, 73),
(724, 593, 166),
(725, 510, 101),
(726, 829, 10),
(727, 312, 83),
(728, 403, 295),
(729, 458, 243),
(730, 771, 237),
(731, 553, 179),
(732, 558, 40),
(733, 772, 263),
(734, 697, 163),
(735, 101, 91),
(736, 89, 104),
(737, 204, 295),
(738, 579, 118),
(739, 1093, 273),
(740, 749, 44),
(741, 905, 309),
(742, 350, 67),
(743, 136, 199),
(744, 671, 259),
(745, 195, 198),
(746, 1063, 245),
(747, 697, 144),
(748, 829, 283),
(749, 228, 218),
(750, 125, 35),
(751, 924, 249),
(752, 699, 295),
(753, 770, 39),
(754, 1045, 261),
(755, 684, 236),
(756, 122, 261),
(757, 211, 280),
(758, 218, 6),
(759, 283, 1),
(760, 991, 158),
(761, 293, 295),
(762, 635, 212),
(763, 309, 96),
(764, 614, 168),
(765, 772, 234),
(766, 802, 160),
(767, 768, 297),
(768, 273, 138),
(769, 747, 129),
(770, 1038, 179),
(771, 426, 53),
(772, 298, 205),
(773, 114, 279),
(774, 467, 299),
(775, 792, 60),
(776, 950, 33),
(777, 1004, 173),
(778, 206, 245),
(779, 305, 34),
(780, 1016, 189),
(781, 110, 267),
(782, 144, 90),
(783, 1035, 1),
(784, 567, 211),
(785, 285, 253),
(786, 279, 226),
(787, 859, 174),
(788, 824, 70),
(789, 916, 34),
(790, 832, 226),
(791, 982, 28),
(792, 1063, 222),
(793, 459, 125),
(794, 870, 128),
(795, 984, 58),
(796, 608, 269),
(797, 323, 41),
(798, 488, 76),
(799, 278, 36),
(800, 181, 195),
(801, 42, 41),
(802, 384, 199),
(803, 1063, 257),
(804, 27, 142),
(805, 753, 186),
(806, 1006, 2),
(807, 107, 39),
(808, 837, 34),
(809, 172, 58),
(810, 1014, 16),
(811, 631, 87),
(812, 128, 294),
(813, 215, 193),
(814, 20, 103),
(815, 799, 235),
(816, 443, 138),
(817, 395, 129),
(818, 237, 165),
(819, 1010, 129),
(820, 483, 152),
(821, 681, 284),
(822, 485, 236),
(823, 989, 146),
(824, 402, 153),
(825, 465, 39),
(826, 661, 48),
(827, 63, 39),
(828, 195, 190),
(829, 676, 4),
(830, 1049, 37),
(831, 595, 105),
(832, 43, 215),
(833, 810, 189),
(834, 409, 25),
(835, 666, 171),
(836, 1040, 247),
(837, 320, 198),
(838, 735, 10),
(839, 1085, 99),
(840, 133, 285),
(841, 984, 126),
(842, 433, 240),
(843, 638, 163),
(844, 960, 71),
(845, 587, 132),
(846, 596, 73),
(847, 5, 107),
(848, 581, 35),
(849, 118, 157),
(850, 883, 144),
(851, 605, 15),
(852, 438, 140),
(853, 1014, 42),
(854, 129, 74),
(855, 743, 55),
(856, 1009, 72),
(857, 245, 254),
(858, 504, 176),
(859, 90, 45),
(860, 457, 185),
(861, 1007, 292),
(862, 145, 126),
(863, 461, 248),
(864, 885, 14),
(865, 58, 282),
(866, 846, 79),
(867, 7, 81),
(868, 1092, 97),
(869, 650, 63),
(870, 588, 239),
(871, 607, 234),
(872, 319, 251),
(873, 790, 270),
(874, 74, 2),
(875, 588, 132),
(876, 340, 121),
(877, 1091, 17),
(878, 978, 2),
(879, 1045, 109),
(880, 931, 240),
(881, 1024, 129),
(882, 373, 156),
(883, 755, 138),
(884, 311, 187),
(885, 213, 239),
(886, 652, 253),
(887, 325, 294),
(888, 230, 80),
(889, 456, 51),
(890, 134, 39),
(891, 782, 167),
(892, 494, 246),
(893, 796, 102),
(894, 913, 31),
(895, 1044, 59),
(896, 887, 161),
(897, 769, 10),
(898, 584, 1),
(899, 1078, 175),
(900, 705, 141),
(901, 312, 277),
(902, 72, 70),
(903, 504, 2),
(904, 1040, 190),
(905, 477, 54),
(906, 989, 119),
(907, 969, 196),
(908, 765, 214),
(909, 338, 83),
(910, 34, 82),
(911, 983, 126),
(912, 514, 220),
(913, 520, 163),
(914, 1063, 1),
(915, 361, 240),
(916, 490, 274),
(917, 684, 231),
(918, 248, 137),
(919, 298, 276),
(920, 125, 292),
(921, 254, 78),
(922, 1058, 185),
(923, 518, 309),
(924, 880, 297),
(925, 624, 299),
(926, 385, 223),
(927, 859, 62),
(928, 681, 31),
(929, 1077, 138),
(930, 317, 95),
(931, 1014, 132),
(932, 232, 169),
(933, 94, 230),
(934, 451, 53),
(935, 770, 241),
(936, 542, 17),
(937, 300, 117),
(938, 251, 188),
(939, 760, 127),
(940, 334, 30),
(941, 970, 85),
(942, 613, 92),
(943, 361, 6),
(944, 161, 209),
(945, 365, 274),
(946, 549, 40),
(947, 922, 118),
(948, 462, 191),
(949, 571, 274),
(950, 709, 30),
(951, 417, 80),
(952, 618, 161),
(953, 779, 265),
(954, 114, 203),
(955, 657, 32),
(956, 560, 110),
(957, 907, 187),
(958, 381, 79),
(959, 455, 300),
(960, 1018, 151),
(961, 437, 307),
(962, 760, 109),
(963, 309, 100),
(964, 922, 245),
(965, 808, 15),
(966, 454, 226),
(967, 297, 227),
(968, 144, 125),
(969, 886, 53),
(970, 11, 197),
(971, 238, 63),
(972, 767, 198),
(973, 733, 279),
(974, 1024, 111),
(975, 205, 60),
(976, 504, 95),
(977, 475, 45),
(978, 867, 29),
(979, 1060, 240),
(980, 680, 247),
(981, 64, 198),
(982, 113, 287),
(983, 832, 206),
(984, 986, 180),
(985, 52, 123),
(986, 6, 97),
(987, 759, 145),
(988, 999, 52),
(989, 965, 129),
(990, 3, 20),
(991, 176, 69),
(992, 4, 244),
(993, 455, 121),
(994, 124, 252),
(995, 265, 162),
(996, 372, 126),
(997, 478, 2),
(998, 876, 119),
(999, 1072, 132),
(1000, 387, 151);

--
-- Ограничения внешнего ключа сохраненных таблиц
--

--
-- Ограничения внешнего ключа таблицы `product_in_category`
--
ALTER TABLE `product_in_category`
  ADD CONSTRAINT `prod_in_cat_fk0` FOREIGN KEY (`product_id`) REFERENCES `product` (`id`),
  ADD CONSTRAINT `prod_in_cat_fk1` FOREIGN KEY (`category_id`) REFERENCES `category` (`id`);

/*!40101 SET CHARACTER_SET_CLIENT=@OLD_CHARACTER_SET_CLIENT */;
/*!40101 SET CHARACTER_SET_RESULTS=@OLD_CHARACTER_SET_RESULTS */;
/*!40101 SET COLLATION_CONNECTION=@OLD_COLLATION_CONNECTION */;
